gene_id,PC1,PC2,gene_name,gene_biotype,species,gene_type
gene-PlknoMp1,0.16804481832912585,0.18055055817381477,cox3,protein_coding,pk,pk
gene-PlknoMp2,0.1411163572500339,0.15846494962679394,cox1,protein_coding,pk,pk
gene-PlknoMp3,0.13613770411181442,0.16415325081516807,cytb,protein_coding,pk,pk
gene-I6V24_pgp12,0.1405777933913495,0.10811821097681344,gene-I6V24_pgp12,protein_coding,pk,pk
gene-PKNH_1007800,0.11138363998923786,0.049387852751422844,gene-PKNH_1007800,protein_coding,pk,pk
gene-I6V24_pgp09,0.10168724261655733,0.10017714658350131,gene-I6V24_pgp09,protein_coding,pk,pk
gene-PKNH_1139900,0.09574101407028071,0.07610820368410476,gene-PKNH_1139900,protein_coding,pk,pk
gene-PKNH_1010500,0.09525632500548835,-0.0583776237029428,gene-PKNH_1010500,protein_coding,pk,pk
gene-PKNH_0405800,0.09595922738041578,-0.025491601983126288,gene-PKNH_0405800,protein_coding,pk,pk
gene-PKNH_1126200,0.09364081255293207,0.045012393702693373,gene-PKNH_1126200,protein_coding,pk,pk
gene-PKNH_0914500,0.09139239188649728,0.03196296207924748,gene-PKNH_0914500,protein_coding,pk,pk
gene-PKNH_1409300,0.09249891156667325,0.017362989657178342,gene-PKNH_1409300,protein_coding,pk,pk
gene-I6V24_pgp14,0.0880098536612427,0.06241523334213623,gene-I6V24_pgp14,protein_coding,pk,pk
gene-PKNH_0946100,0.08744402609788016,-0.03408237602537849,gene-PKNH_0946100,protein_coding,pk,pk
gene-PKNH_1429400,0.08494052109922759,0.025405009304573165,gene-PKNH_1429400,protein_coding,pk,pk
gene-PKNH_0417000,0.08460195326781525,0.04007671783693085,gene-PKNH_0417000,protein_coding,pk,pk
gene-PKNH_0115400,0.08360622091022683,0.0114104550369716,gene-PKNH_0115400,protein_coding,pk,pk
gene-PKNH_1459000,0.08637618748929304,-0.01973104170620421,gene-PKNH_1459000,protein_coding,pk,pk
gene-PKNH_1451300,0.0838549148768589,0.03155415258159054,gene-PKNH_1451300,protein_coding,pk,pk
gene-PKNH_0401700,-0.06974168054173656,-0.017800129182547576,gene-PKNH_0401700,protein_coding,pk,pk
gene-PKNH_0902600,0.07706514607979462,0.06938682139279402,gene-PKNH_0902600,protein_coding,pk,pk
gene-PKNH_1142600,0.08007864660213167,0.0029801717372864196,gene-PKNH_1142600,protein_coding,pk,pk
gene-PKNH_1206700,0.07653580335518903,0.033065971077880646,gene-PKNH_1206700,protein_coding,pk,pk
gene-PKNH_1467200,0.07666774378405652,0.01836790418885698,gene-PKNH_1467200,protein_coding,pk,pk
gene-PKNH_0616900,0.07513244812831245,0.04660896490198404,gene-PKNH_0616900,protein_coding,pk,pk
gene-PKNH_1320300,0.07790053790130978,6.06828449482758e-5,gene-PKNH_1320300,protein_coding,pk,pk
gene-PKNH_0732600,-0.031167846314848518,0.026327567990810853,gene-PKNH_0732600,protein_coding,pk,pk
gene-PKNH_1201300,0.07494781749387928,-0.06651140014816306,gene-PKNH_1201300,protein_coding,pk,pk
gene-PKNH_0421100,0.07670692184130846,-0.004124891689780341,gene-PKNH_0421100,protein_coding,pk,pk
gene-PKNH_0942200,-0.03848786815924532,-0.026375605925723678,gene-PKNH_0942200,protein_coding,pk,pk
gene-PKNH_1132600,0.0745446003397389,0.04703221702359456,gene-PKNH_1132600,protein_coding,pk,pk
gene-PKNH_0946200,-0.06355354183068945,-0.05414665259519712,gene-PKNH_0946200,protein_coding,pk,pk
gene-PKNH_0513100,0.07328222026331047,-0.06231920168252299,gene-PKNH_0513100,protein_coding,pk,pk
gene-PKNH_1026400,0.07388480495647472,0.04060557472315448,gene-PKNH_1026400,protein_coding,pk,pk
gene-PKNH_1215100,0.07095334238944837,0.04603133835960417,gene-PKNH_1215100,protein_coding,pk,pk
gene-PKNH_0924200,0.07306222729827282,0.055068156506000304,gene-PKNH_0924200,protein_coding,pk,pk
gene-PKNH_1230100,0.07284806439410879,-0.04707093916930469,gene-PKNH_1230100,protein_coding,pk,pk
gene-PKNH_1013600,0.07251694802531333,-0.012604428960238626,gene-PKNH_1013600,protein_coding,pk,pk
gene-PKNH_0413500,0.06965826819268224,0.028970315617264437,gene-PKNH_0413500,protein_coding,pk,pk
gene-PKNH_1025300,0.07019624856015179,0.025549616232973017,gene-PKNH_1025300,protein_coding,pk,pk
gene-PKNH_1125600,0.0686823720995585,-0.0017048826851868992,gene-PKNH_1125600,protein_coding,pk,pk
gene-PKNH_1422800,0.06983837451947318,0.001183906299088947,gene-PKNH_1422800,protein_coding,pk,pk
gene-PKNH_1019800,0.06571274378715064,0.07510067351468318,gene-PKNH_1019800,protein_coding,pk,pk
gene-PKNH_1022100,0.06568062571586472,-0.03109480354689982,gene-PKNH_1022100,protein_coding,pk,pk
gene-PKNH_1213100,0.06836485370307623,0.012315791749587301,gene-PKNH_1213100,protein_coding,pk,pk
gene-PKNH_1448500,0.06631257870671997,0.05046920685051495,gene-PKNH_1448500,protein_coding,pk,pk
gene-PKNH_1209900,0.06594211587850542,0.05804884623468673,gene-PKNH_1209900,protein_coding,pk,pk
gene-PKNH_0934200,0.06591669801227514,0.0038889551632243315,gene-PKNH_0934200,protein_coding,pk,pk
gene-PKNH_1114700,0.06297516773544855,-0.08297480131088085,gene-PKNH_1114700,protein_coding,pk,pk
gene-PKNH_0414700,0.061954885714862414,-0.004253901570125673,gene-PKNH_0414700,protein_coding,pk,pk
gene-PKNH_1431100,0.06512441991278699,-0.01345755660577199,gene-PKNH_1431100,protein_coding,pk,pk
gene-PKNH_0803000,0.06437581013838233,0.020443019986652277,gene-PKNH_0803000,protein_coding,pk,pk
gene-PKNH_1136200,0.06145894281762262,-0.06778678998363372,gene-PKNH_1136200,protein_coding,pk,pk
gene-PKNH_1340400,0.06368002468945538,-0.009775960233264365,gene-PKNH_1340400,protein_coding,pk,pk
gene-PKNH_0728900,0.05887291422182783,-0.0929099503186474,gene-PKNH_0728900,protein_coding,pk,pk
gene-PKNH_1003700,0.06060424901695407,0.040603903347960824,gene-PKNH_1003700,protein_coding,pk,pk
gene-PKNH_0606000,0.06208560609401558,-0.03786064311247556,gene-PKNH_0606000,protein_coding,pk,pk
gene-PKNH_1121700,0.0580851930854811,-0.07886755712002326,gene-PKNH_1121700,protein_coding,pk,pk
gene-I6V24_pgp04,0.061189180646342135,0.04109362322333536,gene-I6V24_pgp04,protein_coding,pk,pk
gene-PKNH_0901400,0.058891153648628104,-0.00976994228617911,gene-PKNH_0901400,protein_coding,pk,pk
gene-PKNH_0212700,0.05766984552468617,-0.0138912730037552,gene-PKNH_0212700,protein_coding,pk,pk
gene-PKNH_0817700,0.059005335667042996,-0.012468853852563787,gene-PKNH_0817700,protein_coding,pk,pk
gene-PKNH_1208800,0.05806374233428539,0.0490038991749134,gene-PKNH_1208800,protein_coding,pk,pk
gene-PKNH_0807100,0.059970009426146484,0.01564916984308774,gene-PKNH_0807100,protein_coding,pk,pk
gene-PKNH_1203400,0.05811876226633624,-0.04188279042199624,gene-PKNH_1203400,protein_coding,pk,pk
gene-PKNH_1119800,0.060146996757954665,0.011804076884564767,gene-PKNH_1119800,protein_coding,pk,pk
gene-PKNH_1132900,0.058815322821625354,0.0349953357835048,gene-PKNH_1132900,protein_coding,pk,pk
gene-PKNH_1400300,-0.01810364037657711,0.04093086029514716,gene-PKNH_1400300,protein_coding,pk,pk
gene-PKNH_0406000,0.059949841558361035,0.018520242334202994,gene-PKNH_0406000,protein_coding,pk,pk
gene-PKNH_0602200,0.05764832174369185,0.035590188241140665,gene-PKNH_0602200,protein_coding,pk,pk
gene-PKNH_0815000,0.055481684229427286,-0.06106489629245715,gene-PKNH_0815000,protein_coding,pk,pk
gene-PKNH_1146000,0.05985665106176381,-0.024291236096145058,gene-PKNH_1146000,protein_coding,pk,pk
gene-PKNH_1253700,0.055570692374581614,0.07097891550289262,gene-PKNH_1253700,protein_coding,pk,pk
gene-PKNH_1127300,0.05219259383697516,-0.09163229543157254,gene-PKNH_1127300,protein_coding,pk,pk
gene-PKNH_1429100,0.057247844362880385,0.007957987560918945,gene-PKNH_1429100,protein_coding,pk,pk
gene-PKNH_0606300,0.056315664809592124,0.017954354891028913,gene-PKNH_0606300,protein_coding,pk,pk
gene-PKNH_0922100,0.053632356585781575,0.05836127242897054,gene-PKNH_0922100,protein_coding,pk,pk
gene-PKNH_1472100,0.052657641906070196,-0.06320306814419159,gene-PKNH_1472100,protein_coding,pk,pk
gene-PKNH_0933200,0.056863255204863856,0.01742167936189428,gene-PKNH_0933200,protein_coding,pk,pk
gene-PKNH_1311700,0.05530488902489853,0.025087870659552293,gene-PKNH_1311700,protein_coding,pk,pk
gene-PKNH_1459900,0.05188190003926918,-0.06958941806571767,gene-PKNH_1459900,protein_coding,pk,pk
gene-PKNH_1104800,-0.05625202349176853,-0.02551670063430297,gene-PKNH_1104800,protein_coding,pk,pk
gene-PKNH_0418800,0.055810127570130305,-0.006899580213970694,gene-PKNH_0418800,protein_coding,pk,pk
gene-PKNH_1023500,0.05306100199100163,-0.04523152110673502,gene-PKNH_1023500,protein_coding,pk,pk
gene-PKNH_1355500,-0.05287991554519407,0.02247140859661377,gene-PKNH_1355500,protein_coding,pk,pk
gene-PKNH_0204800,0.049751741844718166,-0.030108092602069324,gene-PKNH_0204800,protein_coding,pk,pk
gene-PKNH_0905400,0.05374614033283082,-0.015805473570801195,gene-PKNH_0905400,protein_coding,pk,pk
gene-PKNH_1115400,0.053726012101046994,0.031016888195435858,gene-PKNH_1115400,protein_coding,pk,pk
gene-I6V24_pgp01,0.04815204259984039,0.0315607449258796,gene-I6V24_pgp01,protein_coding,pk,pk
gene-PKNH_1138400,-0.01570341302419797,0.023664784558193624,gene-PKNH_1138400,protein_coding,pk,pk
gene-PKNH_1014700,0.053425524773862004,0.013659691948070556,gene-PKNH_1014700,protein_coding,pk,pk
gene-PKNH_0909800,0.04885917088275425,-0.04237240808284093,gene-PKNH_0909800,protein_coding,pk,pk
gene-PKNH_1340900,0.051155253998618117,-0.01225184607905437,gene-PKNH_1340900,protein_coding,pk,pk
gene-PKNH_1202000,0.04974426795313227,-0.03744106074228749,gene-PKNH_1202000,protein_coding,pk,pk
gene-PKNH_0701000,0.05163575400077295,-0.03168041959047847,gene-PKNH_0701000,protein_coding,pk,pk
gene-PKNH_1217000,0.053363854782495945,-0.005749320897149246,gene-PKNH_1217000,protein_coding,pk,pk
gene-PKNH_1108600,0.05332334548543262,0.02457309186874262,gene-PKNH_1108600,protein_coding,pk,pk
gene-PKNH_1266900,0.04694576559613354,0.016693295086445667,gene-PKNH_1266900,protein_coding,pk,pk
gene-PKNH_1028800,0.050001066084463565,-0.015287424513843309,gene-PKNH_1028800,protein_coding,pk,pk
gene-PKNH_1270900,0.05177219544371047,-0.029803047305947215,gene-PKNH_1270900,protein_coding,pk,pk
gene-PKNH_1442700,0.051496525875460476,-0.0324612685459763,gene-PKNH_1442700,protein_coding,pk,pk
gene-PKNH_0000800,-0.014987342983483087,-0.044547185229336914,gene-PKNH_0000800,protein_coding,pk,pk
gene-PKNH_1016500,0.048771247171370914,-0.022527153616877852,gene-PKNH_1016500,protein_coding,pk,pk
gene-PKNH_1417900,0.05206412509777043,0.00467123480998158,gene-PKNH_1417900,protein_coding,pk,pk
gene-PKNH_1453500,0.05156051818268083,-0.005918908932294964,gene-PKNH_1453500,protein_coding,pk,pk
gene-PKNH_0315300,0.04980639510719807,-0.028584588634992296,gene-PKNH_0315300,protein_coding,pk,pk
gene-PKNH_1468400,0.05129647490354509,-0.014781334328792157,gene-PKNH_1468400,protein_coding,pk,pk
gene-PKNH_0313100,0.04770936264192348,-0.04417508847584618,gene-PKNH_0313100,protein_coding,pk,pk
gene-PKNH_0718400,0.05116619579292207,0.009209672252440269,gene-PKNH_0718400,protein_coding,pk,pk
gene-PKNH_1219100,0.04796349490215587,-0.023697166325709035,gene-PKNH_1219100,protein_coding,pk,pk
gene-PKNH_0902500,0.04588908897431627,-0.05332588261932871,gene-PKNH_0902500,protein_coding,pk,pk
gene-PKNH_0700200,0.029625995090652238,-0.12974337201430258,gene-PKNH_0700200,protein_coding,pk,pk
gene-PKNH_0729400,0.05009532250159224,-0.00538365100756102,gene-PKNH_0729400,protein_coding,pk,pk
gene-PKNH_0813000,0.04691343594337252,-4.774526600914984e-5,gene-PKNH_0813000,protein_coding,pk,pk
gene-PKNH_0910600,0.03989351028875829,-0.1012490220281763,gene-PKNH_0910600,protein_coding,pk,pk
gene-PKNH_0422900,0.04834641248324597,-0.02146667142727296,gene-PKNH_0422900,protein_coding,pk,pk
gene-PKNH_1229500,0.04991822571139457,-0.03654049943730081,gene-PKNH_1229500,protein_coding,pk,pk
gene-PKNH_1141100,0.04306147781118082,0.06600401351117974,gene-PKNH_1141100,protein_coding,pk,pk
gene-PKNH_0937300,0.04786769268093059,0.023632007602134155,gene-PKNH_0937300,protein_coding,pk,pk
gene-PKNH_1032600,0.044163548580446695,0.04689462698561186,gene-PKNH_1032600,protein_coding,pk,pk
gene-PKNH_0733300,0.03390285984687745,-0.002048974715932186,gene-PKNH_0733300,protein_coding,pk,pk
gene-PKNH_0841300,-0.0444193283414329,-0.01657525992385991,gene-PKNH_0841300,protein_coding,pk,pk
gene-PKNH_1227700,0.049226119449393445,0.03235667783563828,gene-PKNH_1227700,protein_coding,pk,pk
gene-PKNH_0813300,0.04983376083301778,0.021672163963240516,gene-PKNH_0813300,protein_coding,pk,pk
gene-PKNH_1201700,0.04628705216924465,0.04416622296169883,gene-PKNH_1201700,protein_coding,pk,pk
gene-PKNH_0102300,0.03796577275963051,-0.10512948838291407,gene-PKNH_0102300,protein_coding,pk,pk
gene-PKNH_0301600,0.043774644155464275,-0.012465821677551,gene-PKNH_0301600,protein_coding,pk,pk
gene-PKNH_0116800,0.04181767001578509,-0.0536969692181066,gene-PKNH_0116800,protein_coding,pk,pk
gene-PKNH_0920900,0.04862766938218524,-0.0240863741814999,gene-PKNH_0920900,protein_coding,pk,pk
gene-PKNH_1254700,0.04488744211497419,-0.05332208970697623,gene-PKNH_1254700,protein_coding,pk,pk
gene-PKNH_0704400,0.04825479304603381,0.010886391128371847,gene-PKNH_0704400,protein_coding,pk,pk
gene-PKNH_0101700,0.04798088587903419,-0.01101302722404513,gene-PKNH_0101700,protein_coding,pk,pk
gene-PKNH_0936200,0.04274348197571793,-0.06659441730613692,gene-PKNH_0936200,protein_coding,pk,pk
gene-PKNH_0411100,-0.0398261892244962,0.011514733420169843,gene-PKNH_0411100,protein_coding,pk,pk
gene-PKNH_1338600,0.047245238088026185,0.00865740870814934,gene-PKNH_1338600,protein_coding,pk,pk
gene-PKNH_0938500,0.044385026112289575,-0.06280587875755066,gene-PKNH_0938500,protein_coding,pk,pk
gene-PKNH_1115800,0.04499300268536654,0.037094639074605154,gene-PKNH_1115800,protein_coding,pk,pk
gene-PKNH_1408800,0.04628675039985211,-0.022077614328845016,gene-PKNH_1408800,protein_coding,pk,pk
gene-PKNH_0708100,0.04684927511292424,0.013021041571795712,gene-PKNH_0708100,protein_coding,pk,pk
gene-PKNH_0407300,0.04347192831928452,0.061088578337989884,gene-PKNH_0407300,protein_coding,pk,pk
gene-PKNH_1433400,-0.012366497782417168,-0.06828343188795247,gene-PKNH_1433400,protein_coding,pk,pk
gene-PKNH_1013700,-0.04641416341685301,-0.003794493823356192,gene-PKNH_1013700,protein_coding,pk,pk
gene-PKNH_0305800,0.04704575401320449,-0.022625624459395487,gene-PKNH_0305800,protein_coding,pk,pk
gene-PKNH_1025100,0.04723751622103615,0.0037861692790383057,gene-PKNH_1025100,protein_coding,pk,pk
gene-PKNH_0838700,-0.04414900978927951,-0.009733901031372508,gene-PKNH_0838700,protein_coding,pk,pk
gene-PKNH_1249300,0.040839003630018994,-0.04294454539491018,gene-PKNH_1249300,protein_coding,pk,pk
gene-PKNH_1427400,0.045790213261491436,0.034061576689668194,gene-PKNH_1427400,protein_coding,pk,pk
gene-PKNH_1257600,0.045618923961822426,-0.03269769352414033,gene-PKNH_1257600,protein_coding,pk,pk
gene-PKNH_1126400,0.04735279092094816,-0.022112227487907202,gene-PKNH_1126400,protein_coding,pk,pk
gene-PKNH_1402700,0.046356653661614115,-0.018774355463963586,gene-PKNH_1402700,protein_coding,pk,pk
gene-PKNH_1235900,0.04492004954831872,-0.016791174801816546,gene-PKNH_1235900,protein_coding,pk,pk
gene-PKNH_1244000,0.04601790919972297,-0.0028295638090620294,gene-PKNH_1244000,protein_coding,pk,pk
gene-PKNH_1242800,0.04347619149824877,-0.04188862278169591,gene-PKNH_1242800,protein_coding,pk,pk
gene-PKNH_0904900,0.04680102942993574,-0.011590084316251354,gene-PKNH_0904900,protein_coding,pk,pk
gene-PKNH_0108300,0.043640988073527516,0.060929920849886604,gene-PKNH_0108300,protein_coding,pk,pk
gene-PKNH_1138300,0.04549291510167025,-0.042901240231915015,gene-PKNH_1138300,protein_coding,pk,pk
gene-PKNH_0206100,0.04738118069129562,0.006731956927159244,gene-PKNH_0206100,protein_coding,pk,pk
gene-PKNH_1404000,0.04506708009945068,-0.023299431724521466,gene-PKNH_1404000,protein_coding,pk,pk
gene-PKNH_0508300,-0.04427339995507174,-0.03233326723740662,gene-PKNH_0508300,protein_coding,pk,pk
gene-PKNH_0713500,0.04410931407838345,0.04742373984983515,gene-PKNH_0713500,protein_coding,pk,pk
gene-PKNH_0103100,0.043752092682444864,-0.03881504635255202,gene-PKNH_0103100,protein_coding,pk,pk
gene-PKNH_0514400,0.045999099668798095,-0.0054530363833220205,gene-PKNH_0514400,protein_coding,pk,pk
gene-PKNH_0209900,0.04379065904780807,0.02652884826245369,gene-PKNH_0209900,protein_coding,pk,pk
gene-PKNH_1308200,-0.04709919508349746,-0.00559056763935523,gene-PKNH_1308200,protein_coding,pk,pk
gene-PKNH_1440100,0.04300775793986228,0.001444853388580171,gene-PKNH_1440100,protein_coding,pk,pk
gene-PKNH_0509800,0.046086326624607175,-0.01836749084945088,gene-PKNH_0509800,protein_coding,pk,pk
gene-PKNH_0404300,0.04232685479491077,0.046615244272866334,gene-PKNH_0404300,protein_coding,pk,pk
gene-PKNH_0837200,0.045315412181554764,-0.0352177535595972,gene-PKNH_0837200,protein_coding,pk,pk
gene-PKNH_0418100,0.04041842678167184,-0.07506744298605117,gene-PKNH_0418100,protein_coding,pk,pk
gene-PKNH_0213700,0.04341241935582075,-0.027296576173807444,gene-PKNH_0213700,protein_coding,pk,pk
gene-PKNH_0406200,0.042077856759957524,-0.03168041529042909,gene-PKNH_0406200,protein_coding,pk,pk
gene-PKNH_1462900,-0.044717215807342885,-0.02182427857978218,gene-PKNH_1462900,protein_coding,pk,pk
gene-PKNH_1252500,0.040172718508016736,-0.061111646671796235,gene-PKNH_1252500,protein_coding,pk,pk
gene-PKNH_0308900,0.04298758585652692,-0.04385146060874172,gene-PKNH_0308900,protein_coding,pk,pk
gene-PKNH_0106000,0.036723263870996455,-0.07450271911473545,gene-PKNH_0106000,protein_coding,pk,pk
gene-PKNH_0417400,-0.040095441665050746,-0.01996868439903155,gene-PKNH_0417400,protein_coding,pk,pk
gene-PKNH_0515400,0.04402923860092073,-0.013934720035504848,gene-PKNH_0515400,protein_coding,pk,pk
gene-PKNH_1438600,0.04376901285493861,-0.005055154658822607,gene-PKNH_1438600,protein_coding,pk,pk
gene-PKNH_0502900,-0.04100516659026598,-0.045252865594549184,gene-PKNH_0502900,protein_coding,pk,pk
gene-PKNH_0917400,0.03825571550123206,-0.05440068574676621,gene-PKNH_0917400,protein_coding,pk,pk
gene-PKNH_0604800,0.04321961761772038,-0.004938295606190967,gene-PKNH_0604800,protein_coding,pk,pk
gene-PKNH_0310000,0.03698864834235725,-0.04585110837509948,gene-PKNH_0310000,protein_coding,pk,pk
gene-PKNH_1239900,0.03893077322531468,-0.0062396515354543845,gene-PKNH_1239900,protein_coding,pk,pk
gene-PKNH_1331900,0.0443762028341947,-0.003373340953915633,gene-PKNH_1331900,protein_coding,pk,pk
gene-PKNH_0932900,0.04078939584023114,0.030027263730646667,gene-PKNH_0932900,protein_coding,pk,pk
gene-PKNH_1342700,0.04411678851603211,-0.009264956718388059,gene-PKNH_1342700,protein_coding,pk,pk
gene-PKNH_0603300,0.04407511889615999,-0.0013779789745890655,gene-PKNH_0603300,protein_coding,pk,pk
gene-PKNH_0702200,-0.042591939841028985,0.007414148369688601,gene-PKNH_0702200,protein_coding,pk,pk
gene-PKNH_0938200,0.038022127076663415,-0.026428580521423835,gene-PKNH_0938200,protein_coding,pk,pk
gene-PKNH_0211100,0.04253298690433287,-0.01914301935457212,gene-PKNH_0211100,protein_coding,pk,pk
gene-PKNH_0301800,0.03858838894891099,-0.006381473606757624,gene-PKNH_0301800,protein_coding,pk,pk
gene-PKNH_0104200,-0.018670486127940464,0.023171574029714054,gene-PKNH_0104200,protein_coding,pk,pk
gene-PKNH_1414400,0.03864536682686656,-0.029366579680403723,gene-PKNH_1414400,protein_coding,pk,pk
gene-PKNH_0611100,0.020824669316339188,-0.11528859761384633,gene-PKNH_0611100,protein_coding,pk,pk
gene-PKNH_0515200,-0.028938546708717157,-0.0838023385194986,gene-PKNH_0515200,protein_coding,pk,pk
gene-PKNH_1472300,0.022653408633243683,-0.1137419558526527,gene-PKNH_1472300,protein_coding,pk,pk
gene-PKNH_0902700,0.038283674972679614,0.021415528707921704,gene-PKNH_0902700,protein_coding,pk,pk
gene-PKNH_1425100,0.04298638246509284,-0.001630399817009267,gene-PKNH_1425100,protein_coding,pk,pk
gene-PKNH_1001800,0.026771999056659227,-0.09515028075240348,gene-PKNH_1001800,protein_coding,pk,pk
gene-PKNH_0945000,0.0404062267645209,-0.03141089545749857,gene-PKNH_0945000,protein_coding,pk,pk
gene-PKNH_0310200,0.04088819616780666,0.00816129854032952,gene-PKNH_0310200,protein_coding,pk,pk
gene-PKNH_1352100,-0.035513070940551346,-0.02450765303588677,gene-PKNH_1352100,protein_coding,pk,pk
gene-PKNH_0708200,0.03587135518779693,-0.03339967478179822,gene-PKNH_0708200,protein_coding,pk,pk
gene-PKNH_0504200,-0.037249704681504986,-0.0504296807045254,gene-PKNH_0504200,protein_coding,pk,pk
gene-PKNH_1124200,0.03586423853604586,4.4878045924440224e-4,gene-PKNH_1124200,protein_coding,pk,pk
gene-PKNH_1005600,-0.03520056573734715,-0.03258572428693625,gene-PKNH_1005600,protein_coding,pk,pk
gene-PKNH_1107400,0.03619469789902277,0.0713692890273381,gene-PKNH_1107400,protein_coding,pk,pk
gene-PKNH_0936600,0.039359214220492,-0.028659396483789734,gene-PKNH_0936600,protein_coding,pk,pk
gene-PKNH_0104000,0.03778629515197833,-0.057024205867070014,gene-PKNH_0104000,protein_coding,pk,pk
gene-PKNH_1306300,0.01585490787659493,-0.12382757984872249,gene-PKNH_1306300,protein_coding,pk,pk
gene-PKNH_1149500,-0.03620288283263652,0.042986123562253,gene-PKNH_1149500,protein_coding,pk,pk
gene-PKNH_1346900,0.039974078517389315,0.011728514136045648,gene-PKNH_1346900,protein_coding,pk,pk
gene-PKNH_0314800,0.04132194101822388,0.004944625104651762,gene-PKNH_0314800,protein_coding,pk,pk
gene-PKNH_1253200,0.03927976275000087,0.018415967855578586,gene-PKNH_1253200,protein_coding,pk,pk
gene-PKNH_0102100,0.04267494729826823,0.009661161936209499,gene-PKNH_0102100,protein_coding,pk,pk
gene-PKNH_0922800,-0.023626948404611683,0.00987657142557511,gene-PKNH_0922800,protein_coding,pk,pk
gene-PKNH_0913800,0.03851829338017077,-0.04366998506934725,gene-PKNH_0913800,protein_coding,pk,pk
gene-PKNH_0400900,0.04167077030406145,-0.022645884065506678,gene-PKNH_0400900,protein_coding,pk,pk
gene-PKNH_1009900,0.041023908332678036,0.03532320914554751,gene-PKNH_1009900,protein_coding,pk,pk
gene-PKNH_0114700,0.03991593404315507,-0.041387203128614394,gene-PKNH_0114700,protein_coding,pk,pk
gene-PKNH_0516100,-0.04100143448607204,0.017964673335577712,gene-PKNH_0516100,protein_coding,pk,pk
gene-PKNH_0917100,0.040475028697924714,0.009608812092155108,gene-PKNH_0917100,protein_coding,pk,pk
gene-PKNH_1119200,0.0389624632388738,-0.01123853329826384,gene-PKNH_1119200,protein_coding,pk,pk
gene-PKNH_0405200,0.03696093859424163,0.0321810805219018,gene-PKNH_0405200,protein_coding,pk,pk
gene-PKNH_1024200,0.039438752517749205,0.010788435313011444,gene-PKNH_1024200,protein_coding,pk,pk
gene-PKNH_1107100,0.03860288012788805,0.004534350369739845,gene-PKNH_1107100,protein_coding,pk,pk
gene-PKNH_1472800,-0.03821995225495162,0.02327826633428549,gene-PKNH_1472800,protein_coding,pk,pk
gene-PKNH_0102500,0.029287612177973047,-0.07486559337751815,gene-PKNH_0102500,protein_coding,pk,pk
gene-PKNH_0907300,-0.03697159321384803,-0.008031005252312555,gene-PKNH_0907300,protein_coding,pk,pk
gene-PKNH_1241200,-0.038286346737851265,-0.024394843363143848,gene-PKNH_1241200,protein_coding,pk,pk
gene-PKNH_0208700,0.04104164645037249,0.02064628546449759,gene-PKNH_0208700,protein_coding,pk,pk
gene-PKNH_0100400,-0.030020399881093604,-0.034066593098312885,gene-PKNH_0100400,protein_coding,pk,pk
gene-PKNH_0319400,0.040473817921088735,-0.001284515583401769,gene-PKNH_0319400,protein_coding,pk,pk
gene-PKNH_1321100,0.04016057144387976,0.030115618361687836,gene-PKNH_1321100,protein_coding,pk,pk
gene-PKNH_1238700,0.03876806798528912,-0.01032288532572485,gene-PKNH_1238700,protein_coding,pk,pk
gene-PKNH_1137800,0.03194482255529432,-0.07226908924713006,gene-PKNH_1137800,protein_coding,pk,pk
gene-PKNH_1453000,0.03837227331026494,-0.04832199044822315,gene-PKNH_1453000,protein_coding,pk,pk
gene-PKNH_0409100,0.03993470567792944,0.03951983378632271,gene-PKNH_0409100,protein_coding,pk,pk
gene-PKNH_0802500,0.035619741275410746,-0.005045633535720609,gene-PKNH_0802500,protein_coding,pk,pk
gene-PKNH_0116600,0.03653498671078742,0.05407261636858027,gene-PKNH_0116600,protein_coding,pk,pk
gene-PKNH_0416700,0.034736894062184616,-0.017116276619326517,gene-PKNH_0416700,protein_coding,pk,pk
gene-PKNH_0422200,0.02693192513190687,-0.10353255298372277,gene-PKNH_0422200,protein_coding,pk,pk
gene-PKNH_0831800,0.03731319587973459,-0.005956580344321959,gene-PKNH_0831800,protein_coding,pk,pk
gene-PKNH_1232600,0.03263787465760193,0.012769471839592617,gene-PKNH_1232600,protein_coding,pk,pk
gene-PKNH_1303100,-0.03452905729183375,0.00960640189906961,gene-PKNH_1303100,protein_coding,pk,pk
gene-PKNH_0613400,0.036431313792247254,-0.009044710035005185,gene-PKNH_0613400,protein_coding,pk,pk
gene-PKNH_1314100,0.03631257291015095,0.022571693599696817,gene-PKNH_1314100,protein_coding,pk,pk
gene-PKNH_0836300,0.03503932578545863,0.04954956504300996,gene-PKNH_0836300,protein_coding,pk,pk
gene-PKNH_1337300,0.025508289773772785,0.0010653634108462138,gene-PKNH_1337300,protein_coding,pk,pk
gene-PKNH_0207800,0.035392874678240156,-0.015946686326910896,gene-PKNH_0207800,protein_coding,pk,pk
gene-PKNH_1354500,-0.03590964749192469,-0.018252026716508014,gene-PKNH_1354500,protein_coding,pk,pk
gene-PKNH_1411100,0.02863741364623224,-0.04760537860859021,gene-PKNH_1411100,protein_coding,pk,pk
gene-PKNH_0516000,0.03603317114879876,0.05901426313955283,gene-PKNH_0516000,protein_coding,pk,pk
gene-PKNH_1235700,0.039602333408716855,-0.02029936195212798,gene-PKNH_1235700,protein_coding,pk,pk
gene-PKNH_1010300,0.034530276260293,0.004260955888475587,gene-PKNH_1010300,protein_coding,pk,pk
gene-PKNH_0901000,0.03293195279586055,0.037356571499300134,gene-PKNH_0901000,protein_coding,pk,pk
gene-PKNH_1260800,0.03364765059684408,0.0495723394488507,gene-PKNH_1260800,protein_coding,pk,pk
gene-PKNH_0402300,0.034901302418707,-0.004057071234181082,gene-PKNH_0402300,protein_coding,pk,pk
gene-PKNH_1001600,0.02204148973631054,-0.09728910632567678,gene-PKNH_1001600,protein_coding,pk,pk
gene-PKNH_0723600,0.031731632689011115,0.06114702235144904,gene-PKNH_0723600,protein_coding,pk,pk
gene-PKNH_1004700,-0.03826094756227771,-0.014766612848818986,gene-PKNH_1004700,protein_coding,pk,pk
gene-PKNH_0724000,0.04013362478136812,0.023956369180915357,gene-PKNH_0724000,protein_coding,pk,pk
gene-PKNH_0703000,0.018863883987323252,-0.04575515737477483,gene-PKNH_0703000,protein_coding,pk,pk
gene-PKNH_1136100,0.005861680006712545,-0.12951697854637376,gene-PKNH_1136100,protein_coding,pk,pk
gene-PKNH_1025800,0.03415541124651721,0.010240126955026014,gene-PKNH_1025800,protein_coding,pk,pk
gene-PKNH_1461200,0.0361191065976639,0.04865039405228332,gene-PKNH_1461200,protein_coding,pk,pk
gene-PKNH_1206900,0.034437758073378205,0.057699132542269396,gene-PKNH_1206900,protein_coding,pk,pk
gene-PKNH_0700700,-0.03489418055941139,0.015592203050264392,gene-PKNH_0700700,protein_coding,pk,pk
gene-PKNH_1024700,0.028014758290404108,-0.08358766667114063,gene-PKNH_1024700,protein_coding,pk,pk
gene-PKNH_1415000,-0.0366348821612068,-0.013243164208371131,gene-PKNH_1415000,protein_coding,pk,pk
gene-PKNH_0602400,0.009414760621228806,-0.12280836644246275,gene-PKNH_0602400,protein_coding,pk,pk
gene-PKNH_0840000,0.03612473351594028,-0.032472773789699844,gene-PKNH_0840000,protein_coding,pk,pk
gene-PKNH_0514000,0.03932857799274925,-0.018584470313617967,gene-PKNH_0514000,protein_coding,pk,pk
gene-PKNH_1221400,-0.03505435300544372,-0.007027640271846666,gene-PKNH_1221400,protein_coding,pk,pk
gene-PKNH_0424200,-0.029558221092445203,-0.06392546845749737,gene-PKNH_0424200,protein_coding,pk,pk
gene-PKNH_0824500,0.03493211163119639,-0.04885413471856793,gene-PKNH_0824500,protein_coding,pk,pk
gene-PKNH_1257000,0.034109113955201345,-0.05531226114139513,gene-PKNH_1257000,protein_coding,pk,pk
gene-PKNH_1268400,0.03430897819130314,-0.06622789129618707,gene-PKNH_1268400,protein_coding,pk,pk
gene-PKNH_0807500,0.03509808746506554,2.38361643041949e-4,gene-PKNH_0807500,protein_coding,pk,pk
gene-PKNH_0207200,0.03827055565928687,0.027518002513581198,gene-PKNH_0207200,protein_coding,pk,pk
gene-PKNH_0303500,0.037109744853724126,-0.017713485126960794,gene-PKNH_0303500,protein_coding,pk,pk
gene-PKNH_0400500,-0.021465579134550893,-0.06798954452081786,gene-PKNH_0400500,protein_coding,pk,pk
gene-PKNH_1109500,0.021722387039859004,-0.10944394514149274,gene-PKNH_1109500,protein_coding,pk,pk
gene-PKNH_1214800,-0.036120238799615415,0.02185534710898577,gene-PKNH_1214800,protein_coding,pk,pk
gene-PKNH_0941000,0.028999402867047233,-0.08705653589186291,gene-PKNH_0941000,protein_coding,pk,pk
gene-PKNH_0806500,0.038004578122135174,-0.004401822516869142,gene-PKNH_0806500,protein_coding,pk,pk
gene-PKNH_0205000,0.0383018449472675,0.010078570542663381,gene-PKNH_0205000,protein_coding,pk,pk
gene-PKNH_0802200,0.03044075550948039,-0.06603225236945122,gene-PKNH_0802200,protein_coding,pk,pk
gene-PKNH_1426100,-0.03403725778412816,-0.03784215734118085,gene-PKNH_1426100,protein_coding,pk,pk
gene-PKNH_1143600,0.03790559097486173,-0.02083873401380549,gene-PKNH_1143600,protein_coding,pk,pk
gene-PKNH_1111600,0.03189901682305867,-0.05209828507297483,gene-PKNH_1111600,protein_coding,pk,pk
gene-PKNH_1313700,-0.02823323324073513,-0.002926101990501998,gene-PKNH_1313700,protein_coding,pk,pk
gene-PKNH_0610000,0.024199054361780777,-0.054739984864855255,gene-PKNH_0610000,protein_coding,pk,pk
gene-PKNH_1408700,-0.029874759863101383,0.023517538909391768,gene-PKNH_1408700,protein_coding,pk,pk
gene-PKNH_1119900,-0.036051443727316876,0.03713713534309866,gene-PKNH_1119900,protein_coding,pk,pk
gene-PKNH_0301200,0.03300822675963948,-0.02469677267859739,gene-PKNH_0301200,protein_coding,pk,pk
gene-PKNH_0731200,0.03663119249185228,1.353803379674347e-4,gene-PKNH_0731200,protein_coding,pk,pk
gene-PKNH_0421900,0.036481801315996654,-0.028675118204030632,gene-PKNH_0421900,protein_coding,pk,pk
gene-PKNH_0307800,-0.033264225503552326,-6.927280738818623e-4,gene-PKNH_0307800,protein_coding,pk,pk
gene-PKNH_1300700,-0.03689398399346318,-0.007500748318429825,gene-PKNH_1300700,protein_coding,pk,pk
gene-PKNH_0810400,-0.036898484227729435,0.013539913805493603,gene-PKNH_0810400,protein_coding,pk,pk
gene-PKNH_1414200,0.03418069346386197,-0.05143788647516719,gene-PKNH_1414200,protein_coding,pk,pk
gene-PKNH_0822100,0.03547274329798449,-0.0046566927768434225,gene-PKNH_0822100,protein_coding,pk,pk
gene-PKNH_0406900,0.02892573758760059,0.025453419607393692,gene-PKNH_0406900,protein_coding,pk,pk
gene-PKNH_0937700,0.03528368671794974,-0.017648214298147398,gene-PKNH_0937700,protein_coding,pk,pk
gene-PKNH_1462700,-0.018789865766273124,-0.07586156478387066,gene-PKNH_1462700,protein_coding,pk,pk
gene-PKNH_0720800,0.035436008251633073,-0.028783416631465494,gene-PKNH_0720800,protein_coding,pk,pk
gene-PKNH_0510700,0.03196638174044431,-0.018359468037242782,gene-PKNH_0510700,protein_coding,pk,pk
gene-PKNH_1205100,0.03423034655489363,-0.03302685761090497,gene-PKNH_1205100,protein_coding,pk,pk
gene-PKNH_0420000,0.033865409629395334,-0.05676661398277773,gene-PKNH_0420000,protein_coding,pk,pk
gene-PKNH_1030600,-0.012783898244613377,-0.11198213695492447,gene-PKNH_1030600,protein_coding,pk,pk
gene-PKNH_1014600,0.03714666756084774,-0.010066046824489062,gene-PKNH_1014600,protein_coding,pk,pk
gene-PKNH_0927300,0.02925673784151842,-0.05199412614607399,gene-PKNH_0927300,protein_coding,pk,pk
gene-PKNH_0622200,-0.03251572068633457,0.018575270932921314,gene-PKNH_0622200,protein_coding,pk,pk
gene-PKNH_1106900,0.03729583999481958,-0.0022019573339196203,gene-PKNH_1106900,protein_coding,pk,pk
gene-PKNH_1258100,0.030230792163458746,-0.01779303745734328,gene-PKNH_1258100,protein_coding,pk,pk
gene-PKNH_0920800,0.03161478152446539,8.19023956821517e-4,gene-PKNH_0920800,protein_coding,pk,pk
gene-PKNH_0944800,0.028764842778231058,-0.024408530606200025,gene-PKNH_0944800,protein_coding,pk,pk
gene-PKNH_1312000,0.03539861196568006,0.014659270091579522,gene-PKNH_1312000,protein_coding,pk,pk
gene-PKNH_1003000,0.03434298074492987,-0.01506640059801635,gene-PKNH_1003000,protein_coding,pk,pk
gene-PKNH_0939900,0.03609583152205718,-0.02618279110884312,gene-PKNH_0939900,protein_coding,pk,pk
gene-PKNH_0110500,0.028162542790059017,-0.04365770598545259,gene-PKNH_0110500,protein_coding,pk,pk
gene-PKNH_1012100,0.033509032489465115,0.026332482993110893,gene-PKNH_1012100,protein_coding,pk,pk
gene-PKNH_1446900,0.03749414041862617,-0.006889028172794182,gene-PKNH_1446900,protein_coding,pk,pk
gene-PKNH_1200600,0.029131319803384185,-0.030747202467095527,gene-PKNH_1200600,protein_coding,pk,pk
gene-PKNH_0424000,-0.029797951148225237,-0.05624823019887931,gene-PKNH_0424000,protein_coding,pk,pk
gene-PKNH_0818300,-0.035768839774875216,1.6866504636578995e-4,gene-PKNH_0818300,protein_coding,pk,pk
gene-PKNH_0114000,0.025390696024379576,-0.049449535743974066,gene-PKNH_0114000,protein_coding,pk,pk
gene-PKNH_1133900,-0.02904689560675921,-0.037310490940177396,gene-PKNH_1133900,protein_coding,pk,pk
gene-PKNH_1247400,-0.024957191110621835,-0.02460122257899141,gene-PKNH_1247400,protein_coding,pk,pk
gene-PKNH_1217100,-0.03429386815453952,0.008094858530894061,gene-PKNH_1217100,protein_coding,pk,pk
gene-PKNH_0108900,0.029231344963663378,-0.04697880397801118,gene-PKNH_0108900,protein_coding,pk,pk
gene-PKNH_1203000,0.029188974019337257,-0.06710396796459034,gene-PKNH_1203000,protein_coding,pk,pk
gene-PKNH_1238200,0.031500336625048586,-0.05498386504892472,gene-PKNH_1238200,protein_coding,pk,pk
gene-PKNH_0313000,0.017465770463670552,-0.04754097945018039,gene-PKNH_0313000,protein_coding,pk,pk
gene-PKNH_0203300,0.036162294008163044,-0.009394906173325557,gene-PKNH_0203300,protein_coding,pk,pk
gene-PKNH_0403500,-0.0359807345820526,0.011571681684818843,gene-PKNH_0403500,protein_coding,pk,pk
gene-PKNH_0814000,0.028734176752829407,-0.06039198645089278,gene-PKNH_0814000,protein_coding,pk,pk
gene-PKNH_1144200,0.035622809906908505,0.007245391184689174,gene-PKNH_1144200,protein_coding,pk,pk
gene-PKNH_0735000,-0.029003195235707643,0.07155679655037887,gene-PKNH_0735000,protein_coding,pk,pk
gene-PKNH_1228700,0.033631179319192336,0.02137162066983282,gene-PKNH_1228700,protein_coding,pk,pk
gene-PKNH_0816600,0.03429367017814174,7.933173417381438e-4,gene-PKNH_0816600,protein_coding,pk,pk
gene-PKNH_0712600,0.03494305235615766,0.027994778845666396,gene-PKNH_0712600,protein_coding,pk,pk
gene-PKNH_1445100,0.03245049789199956,0.023385496127878005,gene-PKNH_1445100,protein_coding,pk,pk
gene-PKNH_0834100,0.029695217179500463,0.05587183803282166,gene-PKNH_0834100,protein_coding,pk,pk
gene-PKNH_1349700,0.03621621032137197,-0.024753159968769835,gene-PKNH_1349700,protein_coding,pk,pk
gene-PKNH_1146400,0.031695410944363844,-0.04218786300073044,gene-PKNH_1146400,protein_coding,pk,pk
gene-PKNH_0824100,0.0334592759995809,-0.034186632902550446,gene-PKNH_0824100,protein_coding,pk,pk
gene-PKNH_0608400,0.03322644999271524,-0.0485928638066184,gene-PKNH_0608400,protein_coding,pk,pk
gene-PKNH_0316100,0.03482041398484356,-0.01450999679111437,gene-PKNH_0316100,protein_coding,pk,pk
gene-PKNH_1348800,0.035007855176974224,0.02091969405754834,gene-PKNH_1348800,protein_coding,pk,pk
gene-PKNH_1204100,0.034237352427081286,0.03448270856583179,gene-PKNH_1204100,protein_coding,pk,pk
gene-PKNH_1240300,-0.03250344366049805,0.012042687485996146,gene-PKNH_1240300,protein_coding,pk,pk
gene-PKNH_1145500,-0.030068217081930127,-0.020393833233413015,gene-PKNH_1145500,protein_coding,pk,pk
gene-PKNH_1123400,0.034309173068298816,0.004232297796514791,gene-PKNH_1123400,protein_coding,pk,pk
gene-PKNH_0725100,-0.0271612119119994,0.060777338916759925,gene-PKNH_0725100,protein_coding,pk,pk
gene-PKNH_0929100,-0.03011666610511561,0.021375280115869408,gene-PKNH_0929100,protein_coding,pk,pk
gene-PKNH_1141200,0.03582476006007812,-0.02600324146776466,gene-PKNH_1141200,protein_coding,pk,pk
gene-PKNH_1308000,0.03473709894086518,0.013805671094740351,gene-PKNH_1308000,protein_coding,pk,pk
gene-PKNH_0702900,0.0310656898372705,0.03661845597449581,gene-PKNH_0702900,protein_coding,pk,pk
gene-PKNH_1463200,0.025657453111156397,-0.06303465475066082,gene-PKNH_1463200,protein_coding,pk,pk
gene-PKNH_0809600,0.026796809030040544,-0.03574275196218855,gene-PKNH_0809600,protein_coding,pk,pk
gene-PKNH_1305100,0.032032995606122175,0.035280332435137424,gene-PKNH_1305100,protein_coding,pk,pk
gene-PKNH_0601800,0.031920665402221056,0.03393629547468055,gene-PKNH_0601800,protein_coding,pk,pk
gene-PKNH_0600700,0.018220058320914296,0.03095347716520012,gene-PKNH_0600700,protein_coding,pk,pk
gene-PKNH_1432000,-0.03351408704496088,8.522020305969776e-4,gene-PKNH_1432000,protein_coding,pk,pk
gene-PKNH_0733500,0.029026912375896847,-0.02079765388405517,gene-PKNH_0733500,protein_coding,pk,pk
gene-PKNH_1218400,0.028677264532404722,-0.07147846943982133,gene-PKNH_1218400,protein_coding,pk,pk
gene-PKNH_0620900,0.03435759595666214,0.013867890699982083,gene-PKNH_0620900,protein_coding,pk,pk
gene-PKNH_1441900,-0.03282583046758332,0.02511261721121798,gene-PKNH_1441900,protein_coding,pk,pk
gene-PKNH_0709300,0.032689789269856925,-0.04678735805121214,gene-PKNH_0709300,protein_coding,pk,pk
gene-PKNH_0101200,0.0324377360750303,0.02139895793700713,gene-PKNH_0101200,protein_coding,pk,pk
gene-PKNH_1136800,-0.019836700388989402,0.004462192897451814,gene-PKNH_1136800,protein_coding,pk,pk
gene-PKNH_1434800,-0.031039805913114796,0.025131722721127823,gene-PKNH_1434800,protein_coding,pk,pk
gene-PKNH_0722600,0.028956860020660186,-0.050143232298088536,gene-PKNH_0722600,protein_coding,pk,pk
gene-PKNH_0938000,-0.029930636719525484,-0.04263249100699773,gene-PKNH_0938000,protein_coding,pk,pk
gene-PKNH_1233800,0.03599887874477103,0.013933407748669094,gene-PKNH_1233800,protein_coding,pk,pk
gene-PKNH_1144400,0.03269739761490426,-0.03511080851137281,gene-PKNH_1144400,protein_coding,pk,pk
gene-PKNH_1204500,0.03587249629492912,-0.01857681009069044,gene-PKNH_1204500,protein_coding,pk,pk
gene-PKNH_0303000,-0.017778670806357054,-0.0962873760161725,gene-PKNH_0303000,protein_coding,pk,pk
gene-PKNH_0209300,0.011901607087073838,-0.09979477135497303,gene-PKNH_0209300,protein_coding,pk,pk
gene-PKNH_0821600,-0.03185716186311723,-0.008854069056477223,gene-PKNH_0821600,protein_coding,pk,pk
gene-PKNH_1200400,0.020909689171603133,-0.09180493213026569,gene-PKNH_1200400,protein_coding,pk,pk
gene-PKNH_0305700,0.031014687695318514,-0.03901028793804831,gene-PKNH_0305700,protein_coding,pk,pk
gene-PKNH_0802300,-0.030678045426344634,0.03203857317025336,gene-PKNH_0802300,protein_coding,pk,pk
gene-PKNH_0837500,0.03099609094357436,-0.05624239934926975,gene-PKNH_0837500,protein_coding,pk,pk
gene-PKNH_0821800,0.03116128527504891,-0.04446982191951415,gene-PKNH_0821800,protein_coding,pk,pk
gene-PKNH_1405500,0.0336128981592253,-0.022809439787825174,gene-PKNH_1405500,protein_coding,pk,pk
gene-PKNH_1252000,-0.030887106610133254,-0.02048616995731139,gene-PKNH_1252000,protein_coding,pk,pk
gene-PKNH_0943100,0.028906910139073868,-0.07004551437855207,gene-PKNH_0943100,protein_coding,pk,pk
gene-PKNH_1021200,0.026082792474448373,-0.05225575070981205,gene-PKNH_1021200,protein_coding,pk,pk
gene-PKNH_0700800,-0.03154300639301575,0.042899201342118935,gene-PKNH_0700800,protein_coding,pk,pk
gene-PKNH_1112300,0.03586891512348138,0.01843361988644294,gene-PKNH_1112300,protein_coding,pk,pk
gene-PKNH_1406700,0.029369772388278165,-0.0552273595156259,gene-PKNH_1406700,protein_coding,pk,pk
gene-PKNH_0728600,0.0325628819291335,0.0044557842358265605,gene-PKNH_0728600,protein_coding,pk,pk
gene-PKNH_1452000,0.027001197717108655,-0.034554465840486034,gene-PKNH_1452000,protein_coding,pk,pk
gene-PKNH_0916900,-0.029977111868703138,0.009913268089183098,gene-PKNH_0916900,protein_coding,pk,pk
gene-PKNH_0414200,0.0015164625047659839,-0.07367016290585365,gene-PKNH_0414200,protein_coding,pk,pk
gene-PKNH_1140300,0.03321250391256698,-0.034089729819873314,gene-PKNH_1140300,protein_coding,pk,pk
gene-PKNH_1270000,0.027730222904365078,0.040496854723368385,gene-PKNH_1270000,protein_coding,pk,pk
gene-PKNH_0110600,0.030132972668279672,0.008866714202766215,gene-PKNH_0110600,protein_coding,pk,pk
gene-PKNH_1028400,0.03367833689291051,0.002365050069412364,gene-PKNH_1028400,protein_coding,pk,pk
gene-PKNH_0719000,-0.034606557197159875,-0.008348547348411856,gene-PKNH_0719000,protein_coding,pk,pk
gene-PKNH_0309200,0.025145347736587484,0.0458708604035155,gene-PKNH_0309200,protein_coding,pk,pk
gene-PKNH_1118500,-0.031042815412233696,-0.03895616703604977,gene-PKNH_1118500,protein_coding,pk,pk
gene-PKNH_0319200,0.024759196741090356,-0.08574453849161799,gene-PKNH_0319200,protein_coding,pk,pk
gene-PKNH_0408700,0.03572741976051705,-0.006957955123631236,gene-PKNH_0408700,protein_coding,pk,pk
gene-PKNH_0623500,2.8087266079016194e-4,-0.11082443572447977,gene-PKNH_0623500,protein_coding,pk,pk
gene-PKNH_0922500,-0.03392330779793283,-0.0031281153124076097,gene-PKNH_0922500,protein_coding,pk,pk
gene-PKNH_1419900,0.02835980409761625,0.05914138064822239,gene-PKNH_1419900,protein_coding,pk,pk
gene-PKNH_1351500,0.031429564876038533,0.03013317213307111,gene-PKNH_1351500,protein_coding,pk,pk
gene-PKNH_1031100,-0.02853255318751565,-0.017360955052625048,gene-PKNH_1031100,protein_coding,pk,pk
gene-PKNH_1024300,-0.032247767379915165,0.011357734666124521,gene-PKNH_1024300,protein_coding,pk,pk
gene-PKNH_1149700,-0.022558859200996262,0.017102204160756657,gene-PKNH_1149700,protein_coding,pk,pk
gene-PKNH_1447700,0.03139296683243113,-0.02214967233993369,gene-PKNH_1447700,protein_coding,pk,pk
gene-PKNH_1027500,-0.03600051920963361,0.004293709189029961,gene-PKNH_1027500,protein_coding,pk,pk
gene-PKNH_0108700,0.03361171237859603,-0.018850698877615372,gene-PKNH_0108700,protein_coding,pk,pk
gene-PKNH_0914400,0.03297985777822093,0.04819268516031161,gene-PKNH_0914400,protein_coding,pk,pk
gene-PKNH_1133600,0.03289268504694973,0.030038719317634986,gene-PKNH_1133600,protein_coding,pk,pk
gene-PKNH_0837600,0.02768292471567461,-0.07133402571905413,gene-PKNH_0837600,protein_coding,pk,pk
gene-PKNH_1335400,0.031542277180377894,-0.03131577321994723,gene-PKNH_1335400,protein_coding,pk,pk
gene-PKNH_1113500,0.027768132025711042,-0.009712469099799987,gene-PKNH_1113500,protein_coding,pk,pk
gene-PKNH_0714700,0.02563275934345675,-0.039916589224247116,gene-PKNH_0714700,protein_coding,pk,pk
gene-PKNH_0116300,0.02413654409545415,-0.05606287219258873,gene-PKNH_0116300,protein_coding,pk,pk
gene-PKNH_1246300,-0.026574852591422653,0.031532145195767046,gene-PKNH_1246300,protein_coding,pk,pk
gene-PKNH_1460000,0.03465229143650198,0.024334652453758123,gene-PKNH_1460000,protein_coding,pk,pk
gene-PKNH_1010000,0.031550442377054955,-0.03615284029327375,gene-PKNH_1010000,protein_coding,pk,pk
gene-PKNH_0316500,-0.03357800432476387,-0.020119395298419898,gene-PKNH_0316500,protein_coding,pk,pk
gene-PKNH_0304300,-0.015073950446139857,-0.06914967615900407,gene-PKNH_0304300,protein_coding,pk,pk
gene-PKNH_0734300,0.024954388197258277,-0.07784991355561378,gene-PKNH_0734300,protein_coding,pk,pk
gene-PKNH_1316900,0.01043536335456932,-0.10765519898545922,gene-PKNH_1316900,protein_coding,pk,pk
gene-PKNH_1403000,-0.03244048455958147,0.025799681235198102,gene-PKNH_1403000,protein_coding,pk,pk
gene-PKNH_0802400,0.014139493122150114,-0.07493787412884668,gene-PKNH_0802400,protein_coding,pk,pk
gene-PKNH_1348000,0.027903923280243142,0.006762400638344446,gene-PKNH_1348000,protein_coding,pk,pk
gene-PKNH_0730700,-0.021203173318981656,-0.04767344567058472,gene-PKNH_0730700,protein_coding,pk,pk
gene-PKNH_1025500,0.02320516197519826,-0.07008059135369647,gene-PKNH_1025500,protein_coding,pk,pk
gene-PKNH_1200900,-0.032550280466564496,-0.01468879587011215,gene-PKNH_1200900,protein_coding,pk,pk
gene-PKNH_1427600,-0.026286390640269938,0.0510247637901729,gene-PKNH_1427600,protein_coding,pk,pk
gene-PKNH_0913700,0.02778764813344657,-0.05291644053442979,gene-PKNH_0913700,protein_coding,pk,pk
gene-PKNH_0211000,0.03221667000321954,-0.033294875987012265,gene-PKNH_0211000,protein_coding,pk,pk
gene-PKNH_1217300,-0.03241067189156101,0.04763264569933282,gene-PKNH_1217300,protein_coding,pk,pk
gene-PKNH_0824300,0.03207586757233273,-0.005290887540058004,gene-PKNH_0824300,protein_coding,pk,pk
gene-PKNH_0614600,0.025054321954901836,-0.050431944369602466,gene-PKNH_0614600,protein_coding,pk,pk
gene-PKNH_0840400,-0.030820436973632202,0.006905812775772733,gene-PKNH_0840400,protein_coding,pk,pk
gene-PKNH_0734100,0.032703620629033814,-0.02328512690557613,gene-PKNH_0734100,protein_coding,pk,pk
gene-PKNH_0109800,0.03298084657153053,-8.729115127879883e-4,gene-PKNH_0109800,protein_coding,pk,pk
gene-PKNH_1302700,-0.022974017161219835,0.04177708228137691,gene-PKNH_1302700,protein_coding,pk,pk
gene-I6V24_pgp05,0.03254691104939623,0.026281272096317688,gene-I6V24_pgp05,protein_coding,pk,pk
gene-PKNH_0606100,0.01165339721536191,-0.10030194106462009,gene-PKNH_0606100,protein_coding,pk,pk
gene-PKNH_1220300,-0.021398614540738003,-0.07814411151828836,gene-PKNH_1220300,protein_coding,pk,pk
gene-PKNH_1219200,0.021024556507263356,0.013182319979917572,gene-PKNH_1219200,protein_coding,pk,pk
gene-PKNH_1240500,-0.025063211699103402,-0.0038648730256703235,gene-PKNH_1240500,protein_coding,pk,pk
gene-PKNH_0309100,-0.014972785327628413,-0.06674652371724471,gene-PKNH_0309100,protein_coding,pk,pk
gene-PKNH_0309900,0.03247593550807684,-0.001340546851978071,gene-PKNH_0309900,protein_coding,pk,pk
gene-PKNH_0420100,0.03093918868895803,-0.048112804130054476,gene-PKNH_0420100,protein_coding,pk,pk
gene-PKNH_1135700,0.03296105522211745,0.009323958995980396,gene-PKNH_1135700,protein_coding,pk,pk
gene-PKNH_0603000,0.03272496276967436,0.020929440800029592,gene-PKNH_0603000,protein_coding,pk,pk
gene-PKNH_1102000,0.027533980267511554,0.013814622311220895,gene-PKNH_1102000,protein_coding,pk,pk
gene-PKNH_1248300,0.029358217175947575,-0.02385103473758576,gene-PKNH_1248300,protein_coding,pk,pk
gene-PKNH_1010700,-0.029047680866802227,0.0298828785584892,gene-PKNH_1010700,protein_coding,pk,pk
gene-PKNH_0823500,0.032044086646286,-0.013884149293013844,gene-PKNH_0823500,protein_coding,pk,pk
gene-PKNH_0813600,-0.019941590070258627,-0.07620474900157732,gene-PKNH_0813600,protein_coding,pk,pk
gene-PKNH_1324100,0.005781117228509191,-0.062369375069823305,gene-PKNH_1324100,protein_coding,pk,pk
gene-PKNH_0615900,0.02954856327538794,-0.046860875698336586,gene-PKNH_0615900,protein_coding,pk,pk
gene-PKNH_0702300,0.03355511004970031,-0.015502379516067035,gene-PKNH_0702300,protein_coding,pk,pk
gene-PKNH_0422300,0.03412584288701639,0.008762451537304278,gene-PKNH_0422300,protein_coding,pk,pk
gene-PKNH_0717900,0.02849189785133848,-0.06223704018215671,gene-PKNH_0717900,protein_coding,pk,pk
gene-PKNH_1469500,0.032971576301314726,-0.013274719824699058,gene-PKNH_1469500,protein_coding,pk,pk
gene-PKNH_0607600,0.030382855920899444,-0.03602042929469959,gene-PKNH_0607600,protein_coding,pk,pk
gene-PKNH_0731400,0.032221321442876226,0.017728319497699967,gene-PKNH_0731400,protein_coding,pk,pk
gene-PKNH_1249000,0.02651930217030055,-0.032014495464390155,gene-PKNH_1249000,protein_coding,pk,pk
gene-PKNH_1106700,0.03189347278720628,0.017173367839367387,gene-PKNH_1106700,protein_coding,pk,pk
gene-PKNH_0833500,0.031106766711880857,-0.02162053231541211,gene-PKNH_0833500,protein_coding,pk,pk
gene-PKNH_0813400,0.028193521457399173,-0.04457973944873989,gene-PKNH_0813400,protein_coding,pk,pk
gene-PKNH_1414600,0.032463659212926516,0.03226236297363082,gene-PKNH_1414600,protein_coding,pk,pk
gene-PKNH_0101800,-0.01941112258332788,-0.060177566173766614,gene-PKNH_0101800,protein_coding,pk,pk
gene-PKNH_0727900,0.020117736893997148,-0.08870992735968608,gene-PKNH_0727900,protein_coding,pk,pk
gene-PKNH_1422300,-0.02758013397057164,0.02137681574557235,gene-PKNH_1422300,protein_coding,pk,pk
gene-PKNH_1427100,-0.033811724505303384,3.635813233548721e-4,gene-PKNH_1427100,protein_coding,pk,pk
gene-PKNH_0303800,0.030018161588508775,-8.547133111124139e-4,gene-PKNH_0303800,protein_coding,pk,pk
gene-PKNH_1259400,-0.031470737466125435,0.0026104607788639805,gene-PKNH_1259400,protein_coding,pk,pk
gene-PKNH_0209400,0.0255696794542322,-0.03308058255872144,gene-PKNH_0209400,protein_coding,pk,pk
gene-PKNH_0313700,-0.031120143260572088,-0.005306441770167101,gene-PKNH_0313700,protein_coding,pk,pk
gene-PKNH_1010100,-0.0257888670759211,0.008678394777042802,gene-PKNH_1010100,protein_coding,pk,pk
gene-PKNH_1354400,8.429766358855058e-4,0.0012398716868759474,gene-PKNH_1354400,protein_coding,pk,pk
gene-PKNH_0933600,-0.03281381192580742,-0.004591220164133708,gene-PKNH_0933600,protein_coding,pk,pk
gene-PKNH_0603400,0.007159819898352461,-0.10177205635236897,gene-PKNH_0603400,protein_coding,pk,pk
gene-PKNH_1426400,-0.03346118626760702,0.020015587765806867,gene-PKNH_1426400,protein_coding,pk,pk
gene-PKNH_0203600,-0.03185692602742274,0.007674877289071288,gene-PKNH_0203600,protein_coding,pk,pk
gene-PKNH_0511600,0.02752821627710169,-0.030560832509542196,gene-PKNH_0511600,protein_coding,pk,pk
gene-PKNH_0610300,-0.01876136944058994,-0.019608856035384793,gene-PKNH_0610300,protein_coding,pk,pk
gene-PKNH_1453300,0.030569951067265726,0.014564741323319455,gene-PKNH_1453300,protein_coding,pk,pk
gene-PKNH_0911400,0.030093037664546823,0.012127898020932297,gene-PKNH_0911400,protein_coding,pk,pk
gene-PKNH_0603600,-0.02545724839330099,0.032804254519474114,gene-PKNH_0603600,protein_coding,pk,pk
gene-PKNH_1345900,0.027093534896150354,-0.043461218068938975,gene-PKNH_1345900,protein_coding,pk,pk
gene-PKNH_1250000,0.013490794277947547,-0.07341479305065383,gene-PKNH_1250000,protein_coding,pk,pk
gene-PKNH_1403700,0.029200035031582482,-0.01441606150008746,gene-PKNH_1403700,protein_coding,pk,pk
gene-PKNH_1015200,-0.02372750411759994,0.013135018703598546,gene-PKNH_1015200,protein_coding,pk,pk
gene-PKNH_0724400,-0.004926311837406813,0.014867239114197484,gene-PKNH_0724400,protein_coding,pk,pk
gene-PKNH_1213400,-0.030497337922327006,0.017337173761033726,gene-PKNH_1213400,protein_coding,pk,pk
